Day,Patient,x,y,Start Time,Duration
0,0,35,35,1000.0,0
0,6,25,30,345.0,10
0,11,20,65,146.0,10
0,36,2,60,271.0,10
0,46,2,48,249.0,10
0,86,4,18,401.1036412781767,10
1,0,35,35,1000.0,0
1,31,31,52,435.0715016068539,10
2,0,35,35,1000.0,0
2,6,25,30,345.0,10
2,19,15,60,27.69180601295284,10
2,46,2,48,0.0,10
3,0,35,35,1000.0,0
3,86,4,18,0.0,10
4,0,35,35,1000.0,0
4,6,25,30,441.3554109159286,10
4,31,31,52,0.0,10
4,36,2,60,41.0,10
4,46,2,48,385.63644313765076,10
