Day,Patient,x,y,Start Time,Duration
0,0,35,35,1000.0,0
0,14,15,10,20.0,10
0,48,13,52,155.0,10
0,49,6,68,98.0,10
1,0,35,35,1000.0,0
1,11,20,65,42.0,10
1,18,20,40,77.0,10
1,25,65,20,142.92582403567258,10
1,36,2,60,5.0,10
2,0,35,35,1000.0,0
2,26,45,30,17.0,10
2,48,13,52,155.0,10
3,0,35,35,1000.0,0
3,14,15,10,20.0,10
3,49,6,68,88.69412236331664,10
4,0,35,35,1000.0,0
4,11,20,65,12.0,10
4,18,20,40,47.0,10
4,43,23,3,94.99000099980003,10
4,48,13,52,155.0,10
