Day,Patient,x,y,Start Time,Duration
0,0,35,35,1000.0,0
0,3,55,45,101.45934077146194,10
0,4,55,20,139.0,10
0,20,45,65,52.92582403567259,10
0,27,35,40,16.0,10
1,0,35,35,1000.0,0
1,6,25,30,3.0,10
1,12,50,35,38.49509756796391,10
2,0,35,35,1000.0,0
2,4,55,20,19.0,10
2,20,45,65,116.0,10
3,0,35,35,1000.0,0
3,27,35,40,16.0,10
4,0,35,35,1000.0,0
4,2,35,17,7.0,10
4,4,55,20,139.0,10
4,12,50,35,42.488465062044796,10
4,20,45,65,82.9022777135356,10
