Day,Patient,x,y,Start Time,Duration
0,0,35,35,1000.0,0
0,29,64,42,35.86606874731842,10
0,33,53,52,11.0,10
1,0,35,35,1000.0,0
1,22,45,10,36.81966011250108,10
1,23,55,5,58.0,10
1,26,45,30,122.0,10
1,42,24,12,5.0,10
2,0,35,35,1000.0,0
2,33,53,52,11.0,10
3,0,35,35,1000.0,0
3,9,55,60,87.0,10
3,21,45,20,11.0,10
3,29,64,42,50.068883707497186,10
4,0,35,35,1000.0,0
4,22,45,10,63.75511665286399,10
4,33,53,52,11.0,10
