Day,Patient,x,y,Start Time,Duration
0,0,35,35,1000.0,0
0,9,55,60,414.78955180334924,10
0,57,32,12,0.0,10
1,0,35,35,1000.0,0
2,0,35,35,1000.0,0
2,57,32,12,0.0,10
2,78,61,52,415.7407238564962,10
3,0,35,35,1000.0,0
3,9,55,60,394.12095441391364,10
3,67,67,5,228.0,10
4,0,35,35,1000.0,0
4,57,32,12,423.61034598102697,10
