Day,Patient,x,y,Start Time,Duration
0,0,35,35,1000.0,0
0,36,2,60,271.0,10
0,61,12,24,223.63691661546113,10
0,71,57,68,0.0,10
1,0,35,35,1000.0,0
1,51,49,58,0.0,10
1,86,4,18,407.718836905001,10
2,0,35,35,1000.0,0
3,0,35,35,1000.0,0
3,36,2,60,271.0,10
3,61,12,24,421.4831735655945,10
3,71,57,68,71.6198020120155,10
3,85,16,22,0.0,10
4,0,35,35,1000.0,0
4,51,49,58,407.718836905001,10
4,86,4,18,0.0,10
