Day,Patient,x,y,Start Time,Duration
0,0,35,35,1000.0,0
0,6,25,30,345.0,10
0,12,50,35,0.0,10
0,22,45,10,428.074175964328,10
0,39,60,12,35.07987240796888,10
1,0,35,35,1000.0,0
1,34,65,55,0.0,10
2,0,35,35,1000.0,0
2,6,25,30,345.0,10
2,12,50,35,0.0,10
2,22,45,10,383.284271247461,10
3,0,35,35,1000.0,0
4,0,35,35,1000.0,0
4,6,25,30,441.3554109159286,10
4,12,50,35,267.97901382366916,10
4,22,45,10,399.26900616027103,10
