Day,Patient,x,y,Start Time,Duration
0,0,35,35,1000.0,0
0,24,65,35,3.0,10
0,29,64,42,35.86606874731842,10
0,34,65,55,58.90447355772369,10
1,0,35,35,1000.0,0
1,27,35,40,16.0,10
1,30,40,60,46.61552812808816,10
1,46,2,48,96.46524581843062,10
2,0,35,35,1000.0,0
2,34,65,55,14.0,10
2,43,23,3,122.0,10
3,0,35,35,1000.0,0
3,29,64,42,50.068883707497086,10
4,0,35,35,1000.0,0
4,27,35,40,16.0,10
4,30,40,60,46.61552812808824,10
4,34,65,55,105.97510376114391,10
