Day,Patient,x,y,Start Time,Duration
0,0,35,35,1000.0,0
0,4,55,20,139.0,10
0,8,10,43,32.44030650891057,10
1,0,35,35,1000.0,0
1,16,10,20,65.0,10
1,17,5,30,147.0,10
1,38,5,5,35.24845673131639,10
1,42,24,12,5.0,10
2,0,35,35,1000.0,0
2,4,55,20,19.0,10
2,8,10,43,85.0,10
3,0,35,35,1000.0,0
3,41,42,7,5.0,10
4,0,35,35,1000.0,0
4,4,55,20,139.0,10
4,8,10,43,78.46288492602685,10
4,16,10,20,23.180339887498917,10
4,17,5,30,2.0,10
