Day,Patient,x,y,Start Time,Duration
0,0,35,35,1000.0,0
0,3,55,45,101.45934077146194,10
0,20,45,65,52.92582403567259,10
0,35,63,65,133.0,10
1,0,35,35,1000.0,0
1,19,15,60,17.0,10
1,41,42,7,87.0,10
2,0,35,35,1000.0,0
2,20,45,65,116.0,10
2,35,63,65,61.60898762952979,10
3,0,35,35,1000.0,0
3,1,41,49,81.52159917870972,10
3,36,2,60,5.0,10
4,0,35,35,1000.0,0
4,20,45,65,82.9022777135356,10
4,35,63,65,47.08318915758345,10
